amount,financepy.finutils.FinAmount,financepy.finutils.FinAmount.amount,financepy.finutils.FinMath.maximum
exceed,financepy.finutils.FinAmount,financepy.finutils.FinAmount.amount,financepy.finutils.FinMath.maximum
pay,financepy.finutils.FinAmount,financepy.finutils.FinAmount.amount
portion,financepy.finutils.FinAmount,financepy.finutils.FinAmount.amount
percentage,financepy.finutils.FinAmount,financepy.finutils.FinAmount.amount
total,financepy.finutils.FinAmount,financepy.finutils.FinAmount.amount
calender,financepy.finutils.FinCalender
adjust,financepy.finutils.FinCalender.adjust
calculate,financepy.finutils.FinCalender.adjust,financepy.finutils.FinDate.calculateList,financepy.market.volatility.FinEquityVolCurve.calculatePDF
adjustment,financepy.finutils.FinCalender.adjust
basis,financepy.finutils.FinCalender.adjust,financepy.finutils.FinDate.dailyWorkingDaySchedule
reflect,financepy.finutils.FinCalender.adjust
calculation,financepy.finutils.FinCalender.adjust,financepy.finutils.FinDate.calculateList,financepy.market.volatility.FinEquityVolCurve.calculatePDF
business,financepy.finutils.FinCalender.addBusinessDays,financepy.finutils.FinCalender.isBusinessDay
part,financepy.finutils.FinCalender.addBusinessDays,financepy.finutils.FinCalender.isBusinessDay,financepy.finutils.FinDate.dailyWorkingDaySchedule
also,financepy.finutils.FinCalender.addBusinessDays,financepy.finutils.FinCalender.isBusinessDay,financepy.finutils.FinError.func_name
well,financepy.finutils.FinCalender.addBusinessDays,financepy.finutils.FinCalender.isBusinessDay
company,financepy.finutils.FinCalender.addBusinessDays,financepy.finutils.FinCalender.isBusinessDay
many,financepy.finutils.FinCalender.addBusinessDays,financepy.finutils.FinCalender.isBusinessDay
day,financepy.finutils.FinCalender.addBusinessDays,financepy.finutils.FinCalender.isBusinessDay,financepy.finutils.FinDate,financepy.finutils.FinDate.addDays,financepy.finutils.FinDate.addWeekDays,financepy.finutils.FinDate.addMonths,financepy.finutils.FinDate.nextCDSDate,financepy.finutils.FinDate.thirdWednesdayOfMonth,"financepy.finutils.FinDate,nextMMDate",financepy.finutils.FinDate.setDateFormatType,financepy.finutils.FinDate.dateIndex,financepy.finutils.FinDate.dateFromIndex,financepy.finutils.FinDate.weekDay,financepy.finutils.FinDate.dailyWorkingDaySchedule,financepy.finutils.FinDate.daysInMonth,financepy.finutils.FinDate.dateRange,financepy.finutils.FinDayCount,financepy.finutils.FinDayCountisLastDayOfFeb,financepy.finutils.FinHelperFunctions.timesFromDates,financepy.finutils.FinHelperFunctions.checkDate,financepy.finutils.FinSchedule.scheduleDates
week,financepy.finutils.FinCalender.addBusinessDays,financepy.finutils.FinCalender.isBusinessDay,financepy.finutils.FinDate.addDays,financepy.finutils.FinDate.addWeekDays,financepy.finutils.FinDate.addMonths,financepy.finutils.FinDate.thirdWednesdayOfMonth,financepy.finutils.FinDate.weekDay,financepy.finutils.FinDate.dailyWorkingDaySchedule,financepy.finutils.FinDate.daysInMonth,financepy.finutils.FinDayCount,financepy.finutils.FinDayCountisLastDayOfFeb
month,financepy.finutils.FinCalender.addBusinessDays,financepy.finutils.FinCalender.isBusinessDay,financepy.finutils.FinDate,financepy.finutils.FinDate.addDays,financepy.finutils.FinDate.addWeekDays,financepy.finutils.FinDate.addMonths,financepy.finutils.FinDate.addYears,financepy.finutils.FinDate.nextCDSDate,financepy.finutils.FinDate.thirdWednesdayOfMonth,"financepy.finutils.FinDate,nextMMDate",financepy.finutils.FinDate.setDateFormatType,financepy.finutils.FinDate.isLeapYear,financepy.finutils.FinDate.dateIndex,financepy.finutils.FinDate.dateFromIndex,financepy.finutils.FinDate.weekDay,financepy.finutils.FinDate.dailyWorkingDaySchedule,financepy.finutils.FinDate.daysInMonth,financepy.finutils.FinDate.dateRange,financepy.finutils.FinDayCount,financepy.finutils.FinDayCount.yearFrac,financepy.finutils.FinDayCountisLastDayOfFeb,financepy.finutils.FinHelperFunctions.timesFromDates,financepy.finutils.FinHelperFunctions.checkDate,financepy.finutils.FinSchedule.scheduleDates,financepy.finutils.FinMath.isLeapYear
close,financepy.finutils.FinCalender.addBusinessDays,financepy.finutils.FinCalender.isBusinessDay,financepy.finutils.FinDate.addDays,financepy.finutils.FinDate.addWeekDays,financepy.finutils.FinDate.weekDay,financepy.finutils.FinDate.dailyWorkingDaySchedule,financepy.finutils.FinDate.daysInMonth,financepy.finutils.FinDayCount,financepy.finutils.FinDayCountisLastDayOfFeb
time,financepy.finutils.FinCalender.addBusinessDays,financepy.finutils.FinCalender.isBusinessDay,financepy.finutils.FinDate,financepy.finutils.FinDate.addDays,financepy.finutils.FinDate.addWeekDays,financepy.finutils.FinDate.nextCDSDate,"financepy.finutils.FinDate,nextMMDate",financepy.finutils.FinDate.setDateFormatType,financepy.finutils.FinDate.dateIndex,financepy.finutils.FinDate.dateFromIndex,financepy.finutils.FinDate.weekDay,financepy.finutils.FinDate.dailyWorkingDaySchedule,financepy.finutils.FinDate.daysInMonth,financepy.finutils.FinDate.dateRange,financepy.finutils.FinDayCount,financepy.finutils.FinDayCountisLastDayOfFeb,financepy.finutils.FinHelperFunctions.pv01Times,financepy.finutils.FinHelperFunctions.timesFromDates,financepy.finutils.FinHelperFunctions.checkDate,financepy.finutils.FinHelperFunctions.inputTime,financepy.finutils.FinSchedule.scheduleDates
last,financepy.finutils.FinCalender.addBusinessDays,financepy.finutils.FinCalender.isBusinessDay,financepy.finutils.FinDate.addDays,financepy.finutils.FinDate.addWeekDays,financepy.finutils.FinDate.addMonths,financepy.finutils.FinDate.addYears,financepy.finutils.FinDate.nextCDSDate,financepy.finutils.FinDate.thirdWednesdayOfMonth,financepy.finutils.FinDate.isLeapYear,financepy.finutils.FinDate.weekDay,financepy.finutils.FinDate.dailyWorkingDaySchedule,financepy.finutils.FinDate.daysInMonth,financepy.finutils.FinDayCount,financepy.finutils.FinDayCount.yearFrac,financepy.finutils.FinDayCountisLastDayOfFeb,financepy.finutils.FinMath.isLeapYear
add,financepy.finutils.FinCalender.addBusinessDays,financepy.finutils.FinDate.addDays,financepy.finutils.FinDate.addWeekDays,financepy.finutils.FinDate.addMonths,financepy.finutils.FinDate.addYears,financepy.finutils.FinDate.addTenor
additional,financepy.finutils.FinCalender.addBusinessDays,financepy.finutils.FinDate.addDays,financepy.finutils.FinDate.addWeekDays,financepy.finutils.FinDate.addMonths,financepy.finutils.FinDate.addYears,financepy.finutils.FinDate.addTenor
finally,financepy.finutils.FinCalender.addBusinessDays,financepy.finutils.FinDate.addDays,financepy.finutils.FinDate.addWeekDays,financepy.finutils.FinDate.addMonths,financepy.finutils.FinDate.addYears,financepy.finutils.FinDate.addTenor
come,financepy.finutils.FinCalender.addBusinessDays,financepy.finutils.FinDate.addDays,financepy.finutils.FinDate.addWeekDays,financepy.finutils.FinDate.addMonths,financepy.finutils.FinDate.addYears,financepy.finutils.FinDate.addTenor
another,financepy.finutils.FinCalender.addBusinessDays,financepy.finutils.FinDate.addDays,financepy.finutils.FinDate.addWeekDays,financepy.finutils.FinDate.addMonths,financepy.finutils.FinDate.addYears,financepy.finutils.FinDate.thirdWednesdayOfMonth,financepy.finutils.FinDate.addTenor
would,financepy.finutils.FinCalender.addBusinessDays,financepy.finutils.FinDate.addDays,financepy.finutils.FinDate.addWeekDays,financepy.finutils.FinDate.addMonths,financepy.finutils.FinDate.addYears,financepy.finutils.FinDate.addTenor,financepy.finutils.FinStatistics.mean
be,financepy.finutils.FinCalender.isBusinessDay,financepy.finutils.FinDate.isWeekend,financepy.finutils.FinDate.isLeapYear,financepy.finutils.FinMath.isLeapYear
holiday,financepy.finutils.FinCalender.getHolidayList,financepy.finutils.FinDate.isWeekend
thanksgiving,financepy.finutils.FinCalender.getHolidayList,financepy.finutils.FinDate.isWeekend
shop,financepy.finutils.FinCalender.getHolidayList
christmas,financepy.finutils.FinCalender.getHolidayList
weekend,financepy.finutils.FinCalender.getHolidayList,financepy.finutils.FinDate.isWeekend
season,financepy.finutils.FinCalender.getHolidayList
list,financepy.finutils.FinCalender.getHolidayList,financepy.finutils.FinDate.calculateList
exchange,financepy.finutils.FinCalender.getHolidayList,financepy.finutils.FinDate.calculateList
include,financepy.finutils.FinCalender.getHolidayList,financepy.finutils.FinDate.calculateList
large,financepy.finutils.FinCalender.getHolidayList,financepy.finutils.FinDate.calculateList
detail,financepy.finutils.FinCalender.getHolidayList,financepy.finutils.FinDate.calculateList
get,financepy.finutils.FinCalender.getHolidayList
want,financepy.finutils.FinCalender.getHolidayList
thing,financepy.finutils.FinCalender.getHolidayList
find,financepy.finutils.FinCalender.getHolidayList
even,financepy.finutils.FinCalender.getHolidayList,financepy.finutils.FinDate.isWeekend,financepy.finutils.FinHelperFunctions.pv01Times,financepy.finutils.FinHelperFunctions.timesFromDates,financepy.finutils.FinHelperFunctions.inputTime
take,financepy.finutils.FinCalender.getHolidayList,financepy.finutils.FinHelperFunctions.pv01Times,financepy.finutils.FinHelperFunctions.timesFromDates,financepy.finutils.FinHelperFunctions.inputTime
monday,financepy.finutils.FinCalender.easterMonday
friday,financepy.finutils.FinCalender.easterMonday,financepy.finutils.FinDate.isWeekend
est,financepy.finutils.FinCalender.easterMonday
saturday,financepy.finutils.FinCalender.easterMonday
thursday,financepy.finutils.FinCalender.easterMonday,financepy.finutils.FinDate.thirdWednesdayOfMonth
sunday,financepy.finutils.FinCalender.easterMonday
easter,financepy.finutils.FinCalender.easterMonday
namibia,financepy.finutils.FinCalender.easterMonday
popularization,financepy.finutils.FinCalender.easterMonday
aboard,financepy.finutils.FinCalender.easterMonday
disneyland,financepy.finutils.FinCalender.easterMonday
lore,financepy.finutils.FinCalender.easterMonday
date,financepy.finutils.FinDate,financepy.finutils.FinDate.nextCDSDate,"financepy.finutils.FinDate,nextMMDate",financepy.finutils.FinDate.setDateFormatType,financepy.finutils.FinDate.dateIndex,financepy.finutils.FinDate.dateFromIndex,financepy.finutils.FinDate.dateRange,financepy.finutils.FinHelperFunctions.timesFromDates,financepy.finutils.FinHelperFunctions.checkDate,financepy.finutils.FinSchedule.scheduleDates
expiration,financepy.finutils.FinDate,financepy.finutils.FinDate.nextCDSDate,"financepy.finutils.FinDate,nextMMDate",financepy.finutils.FinDate.setDateFormatType,financepy.finutils.FinDate.dateIndex,financepy.finutils.FinDate.dateFromIndex,financepy.finutils.FinDate.dateRange,financepy.finutils.FinHelperFunctions.timesFromDates,financepy.finutils.FinHelperFunctions.checkDate,financepy.finutils.FinSchedule.scheduleDates,financepy.market.volatility.FinFXVolSurface.solveForSmileStrike
specify,financepy.finutils.FinDate,financepy.finutils.FinDate.nextCDSDate,"financepy.finutils.FinDate,nextMMDate",financepy.finutils.FinDate.setDateFormatType,financepy.finutils.FinDate.dateIndex,financepy.finutils.FinDate.dateFromIndex,financepy.finutils.FinDate.dateRange,financepy.finutils.FinHelperFunctions.timesFromDates,financepy.finutils.FinHelperFunctions.checkDate,financepy.finutils.FinSchedule.scheduleDates
weekday,financepy.finutils.FinDate.isWeekend
hour,financepy.finutils.FinDate.addWeekDays,financepy.finutils.FinDate.weekDay
minute,financepy.finutils.FinDate.addWeekDays,financepy.finutils.FinDate.weekDay
year,financepy.finutils.FinDate.addMonths,financepy.finutils.FinDate.addYears,financepy.finutils.FinDate.nextCDSDate,financepy.finutils.FinDate.thirdWednesdayOfMonth,financepy.finutils.FinDate.isLeapYear,financepy.finutils.FinDate.daysInMonth,financepy.finutils.FinDayCount.yearFrac,financepy.finutils.FinDayCountisLastDayOfFeb,financepy.finutils.FinMath.isLeapYear
six,financepy.finutils.FinDate.addMonths,financepy.finutils.FinDate.thirdWednesdayOfMonth,financepy.finutils.FinDate.daysInMonth
five,financepy.finutils.FinDate.addYears,financepy.finutils.FinDate.nextCDSDate,financepy.finutils.FinDate.isLeapYear,financepy.finutils.FinDayCount.yearFrac,financepy.finutils.FinMath.isLeapYear
next,financepy.finutils.FinDate.addYears,financepy.finutils.FinDate.nextCDSDate,financepy.finutils.FinDate.isLeapYear,financepy.finutils.FinDayCount.yearFrac,financepy.finutils.FinDayCountisLastDayOfFeb,financepy.finutils.FinMath.isLeapYear
since,financepy.finutils.FinDate.addYears,financepy.finutils.FinDate.isLeapYear,financepy.finutils.FinDayCount.yearFrac,financepy.finutils.FinHelperFunctions.pv01Times,financepy.finutils.FinHelperFunctions.timesFromDates,financepy.finutils.FinHelperFunctions.inputTime,financepy.finutils.FinMath.isLeapYear
start,financepy.finutils.FinDate.nextCDSDate
follow,financepy.finutils.FinDate.nextCDSDate
cd,financepy.finutils.FinDate.nextCDSDate
jumbo,financepy.finutils.FinDate.nextCDSDate
deposit,financepy.finutils.FinDate.nextCDSDate,financepy.finutils.FinHelperFunctions.checkVectorDifferences,financepy.finutils.FinHelperFunctions.checkDate,financepy.finutils.FinHelperFunctions.checkArgumentTypes,financepy.market.volatility.FinFXVolSurface.checkCalibration
maturity,financepy.finutils.FinDate.nextCDSDate
fdic,financepy.finutils.FinDate.nextCDSDate
wednesday,financepy.finutils.FinDate.thirdWednesdayOfMonth
tuesday,financepy.finutils.FinDate.thirdWednesdayOfMonth
scramble,financepy.finutils.FinDate.thirdWednesdayOfMonth
morning,financepy.finutils.FinDate.thirdWednesdayOfMonth
dpowhere,financepy.finutils.FinDate.thirdWednesdayOfMonth
of,financepy.finutils.FinDate.thirdWednesdayOfMonth,financepy.finutils.FinDayCountisLastDayOfFeb
third,financepy.finutils.FinDate.thirdWednesdayOfMonth
second,financepy.finutils.FinDate.thirdWednesdayOfMonth
two,financepy.finutils.FinDate.thirdWednesdayOfMonth,financepy.finutils.FinHelperFunctions.checkVectorDifferences
one,financepy.finutils.FinDate.thirdWednesdayOfMonth,financepy.finutils.FinError.func_name
three,financepy.finutils.FinDate.thirdWednesdayOfMonth
"date,next","financepy.finutils.FinDate,nextMMDate"
mm,"financepy.finutils.FinDate,nextMMDate"
tenor,financepy.finutils.FinDate.addTenor
broker,financepy.finutils.FinDate.addTenor
measure,financepy.finutils.FinDate.addTenor
sided,financepy.finutils.FinDate.addTenor
apys,financepy.finutils.FinDate.addTenor
logins,financepy.finutils.FinDate.addTenor
datetime,financepy.finutils.FinDate.datetime,financepy.finutils.FinDate.fromDatetime
str,financepy.finutils.FinDate.str
format,financepy.finutils.FinDate.setDateFormatType
encrypt,financepy.finutils.FinDate.setDateFormatType,financepy.finutils.FinHelperFunctions.labelToString,financepy.finutils.FinHelperFunctions.tableToString
message,financepy.finutils.FinDate.setDateFormatType
renko,financepy.finutils.FinDate.setDateFormatType
cryptographic,financepy.finutils.FinDate.setDateFormatType
upload,financepy.finutils.FinDate.setDateFormatType
type,financepy.finutils.FinDate.setDateFormatType,financepy.finutils.FinDate.testType,financepy.finutils.FinHelperFunctions.toUsableType,financepy.finutils.FinHelperFunctions.uniformToDefaultType,financepy.finutils.FinHelperFunctions.checkArgumentTypes
kind,financepy.finutils.FinDate.setDateFormatType,financepy.finutils.FinDate.testType,financepy.finutils.FinHelperFunctions.toUsableType,financepy.finutils.FinHelperFunctions.uniformToDefaultType,financepy.finutils.FinHelperFunctions.checkArgumentTypes
variety,financepy.finutils.FinDate.setDateFormatType,financepy.finutils.FinDate.testType,financepy.finutils.FinHelperFunctions.toUsableType,financepy.finutils.FinHelperFunctions.uniformToDefaultType,financepy.finutils.FinHelperFunctions.checkArgumentTypes
similar,financepy.finutils.FinDate.setDateFormatType,financepy.finutils.FinDate.testType,financepy.finutils.FinHelperFunctions.toUsableType,financepy.finutils.FinHelperFunctions.uniformToDefaultType,financepy.finutils.FinHelperFunctions.checkArgumentTypes
different,financepy.finutils.FinDate.setDateFormatType,financepy.finutils.FinDate.dateRange,financepy.finutils.FinDate.testType,financepy.finutils.FinHelperFunctions.toUsableType,financepy.finutils.FinHelperFunctions.uniformToDefaultType,financepy.finutils.FinHelperFunctions.checkArgumentTypes,financepy.finutils.FinMath.testRange,financepy.market.curves.FinInterpolator.fit,financepy.market.volatility.FinFXVolSurface.deltaFit
typically,financepy.finutils.FinDate.setDateFormatType,financepy.finutils.FinDate.testType,financepy.finutils.FinHelperFunctions.toUsableType,financepy.finutils.FinHelperFunctions.uniformToDefaultType,financepy.finutils.FinHelperFunctions.checkArgumentTypes
set,financepy.finutils.FinDate.setDateFormatType
within,financepy.finutils.FinDate.setDateFormatType
require,financepy.finutils.FinDate.setDateFormatType
certain,financepy.finutils.FinDate.setDateFormatType
every,financepy.finutils.FinDate.setDateFormatType
place,financepy.finutils.FinDate.setDateFormatType
leap,financepy.finutils.FinDate.isLeapYear,financepy.finutils.FinMath.isLeapYear
tradeking,financepy.finutils.FinDate.isLeapYear,financepy.finutils.FinMath.isLeapYear
vomma,financepy.finutils.FinDate.isLeapYear,financepy.finutils.FinMath.isLeapYear
avert,financepy.finutils.FinDate.isLeapYear,financepy.finutils.FinMath.isLeapYear
oex,financepy.finutils.FinDate.isLeapYear,financepy.finutils.FinMath.isLeapYear
damper,financepy.finutils.FinDate.isLeapYear,financepy.finutils.FinMath.isLeapYear
formula,financepy.finutils.FinDate.calculateList,financepy.market.volatility.FinEquityVolCurve.calculatePDF
divide,financepy.finutils.FinDate.calculateList,financepy.market.volatility.FinEquityVolCurve.calculatePDF
figure,financepy.finutils.FinDate.calculateList,financepy.market.volatility.FinEquityVolCurve.calculatePDF
subtract,financepy.finutils.FinDate.calculateList,financepy.market.volatility.FinEquityVolCurve.calculatePDF
index,financepy.finutils.FinDate.dateIndex,financepy.finutils.FinDate.dateFromIndex,financepy.market.volatility.FinlborCapVolCurve,financepy.market.volatility.FinlborCapVolCurve.capVol,financepy.market.volatility.FinlborCapVolCurveFn,financepy.market.volatility.FinlborCapVolCurveFn.capFloorletVol
benchmark,financepy.finutils.FinDate.dateIndex,financepy.finutils.FinDate.dateFromIndex,financepy.finutils.FinHelperFunctions.betaVectorToCorrMatrix
track,financepy.finutils.FinDate.dateIndex,financepy.finutils.FinDate.dateFromIndex,financepy.finutils.FinDate.dailyWorkingDaySchedule
etf,financepy.finutils.FinDate.dateIndex,financepy.finutils.FinDate.dateFromIndex
dow,financepy.finutils.FinDate.dateIndex,financepy.finutils.FinDate.dateFromIndex
exposure,financepy.finutils.FinDate.dateIndex,financepy.finutils.FinDate.dateFromIndex
from,financepy.finutils.FinDate.dateFromIndex,financepy.finutils.FinDate.fromDatetime,financepy.finutils.FinHelperFunctions.timesFromDates
work,financepy.finutils.FinDate.dailyWorkingDaySchedule
need,financepy.finutils.FinDate.dailyWorkingDaySchedule
much,financepy.finutils.FinDate.dailyWorkingDaySchedule,financepy.finutils.FinStatistics.mean
job,financepy.finutils.FinDate.dailyWorkingDaySchedule
people,financepy.finutils.FinDate.dailyWorkingDaySchedule
schedule,financepy.finutils.FinDate.dailyWorkingDaySchedule,financepy.finutils.FinSchedule,financepy.finutils.FinSchedule.scheduleDates
form,financepy.finutils.FinDate.dailyWorkingDaySchedule,financepy.finutils.FinSchedule,financepy.finutils.FinSchedule.scheduleDates
itemize,financepy.finutils.FinDate.dailyWorkingDaySchedule,financepy.finutils.FinSchedule,financepy.finutils.FinSchedule.scheduleDates
irs,financepy.finutils.FinDate.dailyWorkingDaySchedule,financepy.finutils.FinSchedule,financepy.finutils.FinSchedule.scheduleDates
deduct,financepy.finutils.FinDate.dailyWorkingDaySchedule,financepy.finutils.FinDayCount,financepy.finutils.FinSchedule,financepy.finutils.FinSchedule.scheduleDates
deduction,financepy.finutils.FinDate.dailyWorkingDaySchedule,financepy.finutils.FinSchedule,financepy.finutils.FinSchedule.scheduleDates
daily,financepy.finutils.FinDate.dailyWorkingDaySchedule
direxion,financepy.finutils.FinDate.dailyWorkingDaySchedule
average,financepy.finutils.FinDate.dailyWorkingDaySchedule,financepy.finutils.FinHelperFunctions.normaliseWeights
datediff,financepy.finutils.FinDate.datediff
in,financepy.finutils.FinDate.daysInMonth
out,financepy.finutils.FinDate.daysInMonth
bail,financepy.finutils.FinDate.daysInMonth
bailouts,financepy.finutils.FinDate.daysInMonth
bondsman,financepy.finutils.FinDate.daysInMonth
range,financepy.finutils.FinDate.dateRange,financepy.finutils.FinMath.testRange
wide,financepy.finutils.FinDate.dateRange,financepy.finutils.FinMath.testRange
vary,financepy.finutils.FinDate.dateRange,financepy.finutils.FinMath.testRange
depend,financepy.finutils.FinDate.dateRange,financepy.finutils.FinMath.testRange
high,financepy.finutils.FinDate.dateRange,financepy.finutils.FinMath.testRange,financepy.market.curves.FinDiscountCurve.zeroRate,financepy.market.curves.FinDiscountCurve.swapRate,financepy.market.curves.FinDiscountCurve.fwdRate,financepy.market.curves.FinDiscountCurveNS.zeroRate,financepy.market.curves.FinDiscountCurveNSS.zeroRate,financepy.market.curves.FinDiscountCurvePoly.zeroRate
test,financepy.finutils.FinDate.testType,financepy.finutils.FinMath.testMonocity,financepy.finutils.FinMath.testRange
hypothesis,financepy.finutils.FinDate.testType,financepy.finutils.FinMath.testMonocity,financepy.finutils.FinMath.testRange
tail,financepy.finutils.FinDate.testType,financepy.finutils.FinMath.testMonocity,financepy.finutils.FinMath.testRange
statistical,financepy.finutils.FinDate.testType,financepy.finutils.FinMath.testMonocity,financepy.finutils.FinMath.testRange
variance,financepy.finutils.FinDate.testType,financepy.finutils.FinStatistics.var,financepy.finutils.FinStatistics.correlation,financepy.finutils.FinMath.testMonocity,financepy.finutils.FinMath.testRange
standard,financepy.finutils.FinDate.testType,financepy.finutils.FinMath.testMonocity,financepy.finutils.FinMath.testRange
count,financepy.finutils.FinDayCount
outstanding,financepy.finutils.FinDayCount
paycheck,financepy.finutils.FinDayCount
contribution,financepy.finutils.FinDayCount,financepy.finutils.FinMath.maximum
owe,financepy.finutils.FinDayCount
frac,financepy.finutils.FinDayCount.yearFrac
align,financepy.finutils.FinDayCount.yearFrac
textbf,financepy.finutils.FinDayCount.yearFrac
text,financepy.finutils.FinDayCount.yearFrac
cdots,financepy.finutils.FinDayCount.yearFrac
dfrac,financepy.finutils.FinDayCount.yearFrac
countis,financepy.finutils.FinDayCountisLastDayOfFeb
past,financepy.finutils.FinDayCountisLastDayOfFeb
feb,financepy.finutils.FinDayCountisLastDayOfFeb
page,financepy.finutils.FinDayCountisLastDayOfFeb
access,financepy.finutils.FinDayCountisLastDayOfFeb
oct,financepy.finutils.FinDayCountisLastDayOfFeb
april,financepy.finutils.FinDayCountisLastDayOfFeb
error,financepy.finutils.FinError,financepy.finutils.FinError.suppressErrors
transposition,financepy.finutils.FinError,financepy.finutils.FinError.suppressErrors
sample,financepy.finutils.FinError,financepy.finutils.FinError.suppressErrors
correct,financepy.finutils.FinError,financepy.finutils.FinError.suppressErrors
omission,financepy.finutils.FinError,financepy.finutils.FinError.suppressErrors
asymmetric,financepy.finutils.FinError,financepy.finutils.FinError.suppressErrors
func,financepy.finutils.FinError.func_name
name,financepy.finutils.FinError.func_name
know,financepy.finutils.FinError.func_name
first,financepy.finutils.FinError.func_name
write,financepy.finutils.FinError.func_name
suppress,financepy.finutils.FinError.suppressErrors
picnic,financepy.finutils.FinError.suppressErrors
sugarcane,financepy.finutils.FinError.suppressErrors
broadcaster,financepy.finutils.FinError.suppressErrors
respond,financepy.finutils.FinError.suppressErrors
gunpowder,financepy.finutils.FinError.suppressErrors
frequency,financepy.finutils.FinFrequency
severity,financepy.finutils.FinFrequency
frequent,financepy.finutils.FinFrequency
hft,financepy.finutils.FinFrequency
algorithmic,financepy.finutils.FinFrequency
actuarial,financepy.finutils.FinFrequency,financepy.finutils.FinHelperFunctions.tableToString
helper,financepy.finutils.FinHelperFunctions
underbanked,financepy.finutils.FinHelperFunctions
excited,financepy.finutils.FinHelperFunctions
registrar,financepy.finutils.FinHelperFunctions
argument,financepy.finutils.FinHelperFunctions,financepy.finutils.FinHelperFunctions.checkArgumentTypes
believe,financepy.finutils.FinHelperFunctions
function,financepy.finutils.FinHelperFunctions,financepy.market.volatility.FinFXVolSurface.volFunction
task,financepy.finutils.FinHelperFunctions,financepy.market.volatility.FinFXVolSurface.volFunction
relationship,financepy.finutils.FinHelperFunctions,financepy.market.volatility.FinFXVolSurface.volFunction
essentially,financepy.finutils.FinHelperFunctions,financepy.market.volatility.FinFXVolSurface.volFunction
core,financepy.finutils.FinHelperFunctions,financepy.market.volatility.FinFXVolSurface.volFunction
create,financepy.finutils.FinHelperFunctions,financepy.market.volatility.FinFXVolSurface.volFunction,financepy.market.volatility.FinFXVolSurface.buildVolSurface
vector,financepy.finutils.FinHelperFunctions.betaVectorToCorrMatrix,financepy.finutils.FinHelperFunctions.checkVectorDifferences
vaneck,financepy.finutils.FinHelperFunctions.betaVectorToCorrMatrix,financepy.finutils.FinHelperFunctions.checkVectorDifferences
solidx,financepy.finutils.FinHelperFunctions.betaVectorToCorrMatrix,financepy.finutils.FinHelperFunctions.checkVectorDifferences
rth,financepy.finutils.FinHelperFunctions.betaVectorToCorrMatrix,financepy.finutils.FinHelperFunctions.checkVectorDifferences
csi,financepy.finutils.FinHelperFunctions.betaVectorToCorrMatrix,financepy.finutils.FinHelperFunctions.checkVectorDifferences
nysearca,financepy.finutils.FinHelperFunctions.betaVectorToCorrMatrix,financepy.finutils.FinHelperFunctions.checkVectorDifferences
to,financepy.finutils.FinHelperFunctions.betaVectorToCorrMatrix,financepy.finutils.FinHelperFunctions.labelToString,financepy.finutils.FinHelperFunctions.tableToString,financepy.finutils.FinHelperFunctions.toUsableType,financepy.finutils.FinHelperFunctions.uniformToDefaultType
corr,financepy.finutils.FinHelperFunctions.betaVectorToCorrMatrix,financepy.finutils.FinMath.corrMatrixGenerator
matrix,financepy.finutils.FinHelperFunctions.betaVectorToCorrMatrix,financepy.finutils.FinMath.corrMatrixGenerator
bcg,financepy.finutils.FinHelperFunctions.betaVectorToCorrMatrix,financepy.finutils.FinMath.corrMatrixGenerator
quadrant,financepy.finutils.FinHelperFunctions.betaVectorToCorrMatrix,financepy.finutils.FinMath.corrMatrixGenerator
boston,financepy.finutils.FinHelperFunctions.betaVectorToCorrMatrix,financepy.finutils.FinMath.corrMatrixGenerator
rasm,financepy.finutils.FinHelperFunctions.betaVectorToCorrMatrix,financepy.finutils.FinMath.corrMatrixGenerator
prescribe,financepy.finutils.FinHelperFunctions.betaVectorToCorrMatrix,financepy.finutils.FinMath.corrMatrixGenerator
beta,financepy.finutils.FinHelperFunctions.betaVectorToCorrMatrix
alpha,financepy.finutils.FinHelperFunctions.betaVectorToCorrMatrix,financepy.finutils.FinMath.corrMatrixGenerator
coefficient,financepy.finutils.FinHelperFunctions.betaVectorToCorrMatrix,financepy.finutils.FinStatistics.correlation
capm,financepy.finutils.FinHelperFunctions.betaVectorToCorrMatrix
unlevering,financepy.finutils.FinHelperFunctions.betaVectorToCorrMatrix
expect,financepy.finutils.FinHelperFunctions.pv01Times,financepy.finutils.FinHelperFunctions.timesFromDates,financepy.finutils.FinHelperFunctions.inputTime
period,financepy.finutils.FinHelperFunctions.pv01Times,financepy.finutils.FinHelperFunctions.timesFromDates,financepy.finutils.FinHelperFunctions.inputTime
pv01,financepy.finutils.FinHelperFunctions.pv01Times
difference,financepy.finutils.FinHelperFunctions.checkVectorDifferences
equal,financepy.finutils.FinHelperFunctions.checkVectorDifferences
actual,financepy.finutils.FinHelperFunctions.checkVectorDifferences
represent,financepy.finutils.FinHelperFunctions.checkVectorDifferences
value,financepy.finutils.FinHelperFunctions.checkVectorDifferences,financepy.market.curves.FinDiscountCurve,financepy.market.curves.FinDiscountCurveFlat,financepy.market.curves.FinDiscountCurveNS,financepy.market.curves.FinDiscountCurveNSS,financepy.market.curves.FinDiscountCurvePoly,financepy.market.curves.FinDiscountCurvePWF,financepy.market.curves.FinDiscountCurvePWL,financepy.market.curves.FinDiscountCurveZeros
check,financepy.finutils.FinHelperFunctions.checkVectorDifferences,financepy.finutils.FinHelperFunctions.checkDate,financepy.finutils.FinHelperFunctions.checkArgumentTypes,financepy.market.volatility.FinFXVolSurface.checkCalibration
account,financepy.finutils.FinHelperFunctions.checkVectorDifferences,financepy.finutils.FinHelperFunctions.checkDate,financepy.finutils.FinHelperFunctions.checkArgumentTypes,financepy.market.volatility.FinFXVolSurface.checkCalibration
debit,financepy.finutils.FinHelperFunctions.checkVectorDifferences,financepy.finutils.FinHelperFunctions.checkDate,financepy.finutils.FinHelperFunctions.checkArgumentTypes,financepy.market.volatility.FinFXVolSurface.checkCalibration
bank,financepy.finutils.FinHelperFunctions.checkVectorDifferences,financepy.finutils.FinHelperFunctions.checkDate,financepy.finutils.FinHelperFunctions.checkArgumentTypes,financepy.market.volatility.FinFXVolSurface.checkCalibration
dump,financepy.finutils.FinHelperFunctions.dump
pump,financepy.finutils.FinHelperFunctions.dump
anti,financepy.finutils.FinHelperFunctions.dump
shell,financepy.finutils.FinHelperFunctions.dump
prohibits,financepy.finutils.FinHelperFunctions.dump
prim,financepy.finutils.FinHelperFunctions.dump
tree,financepy.finutils.FinHelperFunctions.printTree,financepy.finutils.FinHelperFunctions.accruedTree
merkle,financepy.finutils.FinHelperFunctions.printTree,financepy.finutils.FinHelperFunctions.accruedTree
binomial,financepy.finutils.FinHelperFunctions.printTree,financepy.finutils.FinHelperFunctions.accruedTree
heart,financepy.finutils.FinHelperFunctions.printTree,financepy.finutils.FinHelperFunctions.accruedTree
flip,financepy.finutils.FinHelperFunctions.printTree,financepy.finutils.FinHelperFunctions.accruedTree
chocolate,financepy.finutils.FinHelperFunctions.printTree,financepy.finutils.FinHelperFunctions.accruedTree
print,financepy.finutils.FinHelperFunctions.printTree
paper,financepy.finutils.FinHelperFunctions.printTree
mail,financepy.finutils.FinHelperFunctions.printTree
banknote,financepy.finutils.FinHelperFunctions.printTree
denomination,financepy.finutils.FinHelperFunctions.printTree
towel,financepy.finutils.FinHelperFunctions.printTree
input,financepy.finutils.FinHelperFunctions.inputTime
output,financepy.finutils.FinHelperFunctions.inputTime,financepy.finutils.FinMath.scale
production,financepy.finutils.FinHelperFunctions.inputTime
factor,financepy.finutils.FinHelperFunctions.inputTime
unobservable,financepy.finutils.FinHelperFunctions.inputTime
listdiff,financepy.finutils.FinHelperFunctions.listdiff
dotproduct,financepy.finutils.FinHelperFunctions.dotproduct
frange,financepy.finutils.FinHelperFunctions.frange,financepy.finutils.FinMath.frange
weight,financepy.finutils.FinHelperFunctions.normaliseWeights
capitalization,financepy.finutils.FinHelperFunctions.normaliseWeights,financepy.market.volatility.FinlborCapVolCurve,financepy.market.volatility.FinlborCapVolCurve.capVol,financepy.market.volatility.FinlborCapVolCurveFn,financepy.market.volatility.FinlborCapVolCurveFn.capFloorletVol
significantly,financepy.finutils.FinHelperFunctions.normaliseWeights
normalise,financepy.finutils.FinHelperFunctions.normaliseWeights
string,financepy.finutils.FinHelperFunctions.labelToString,financepy.finutils.FinHelperFunctions.tableToString
nonce,financepy.finutils.FinHelperFunctions.labelToString,financepy.finutils.FinHelperFunctions.tableToString
sequence,financepy.finutils.FinHelperFunctions.labelToString,financepy.finutils.FinHelperFunctions.tableToString
setsn,financepy.finutils.FinHelperFunctions.labelToString,financepy.finutils.FinHelperFunctions.tableToString
purse,financepy.finutils.FinHelperFunctions.labelToString,financepy.finutils.FinHelperFunctions.tableToString
label,financepy.finutils.FinHelperFunctions.labelToString
color,financepy.finutils.FinHelperFunctions.labelToString
victoria,financepy.finutils.FinHelperFunctions.labelToString
secret,financepy.finutils.FinHelperFunctions.labelToString
impulse,financepy.finutils.FinHelperFunctions.labelToString
brand,financepy.finutils.FinHelperFunctions.labelToString
table,financepy.finutils.FinHelperFunctions.tableToString
mortality,financepy.finutils.FinHelperFunctions.tableToString
calculator,financepy.finutils.FinHelperFunctions.tableToString
reference,financepy.finutils.FinHelperFunctions.tableToString
spreadsheet,financepy.finutils.FinHelperFunctions.tableToString
usable,financepy.finutils.FinHelperFunctions.toUsableType
freely,financepy.finutils.FinHelperFunctions.toUsableType
extrapolate,financepy.finutils.FinHelperFunctions.toUsableType
assume,financepy.finutils.FinHelperFunctions.toUsableType
grain,financepy.finutils.FinHelperFunctions.toUsableType
asics,financepy.finutils.FinHelperFunctions.toUsableType
default,financepy.finutils.FinHelperFunctions.uniformToDefaultType
borrower,financepy.finutils.FinHelperFunctions.uniformToDefaultType
debt,financepy.finutils.FinHelperFunctions.uniformToDefaultType
repay,financepy.finutils.FinHelperFunctions.uniformToDefaultType
risk,financepy.finutils.FinHelperFunctions.uniformToDefaultType
lender,financepy.finutils.FinHelperFunctions.uniformToDefaultType
uniform,financepy.finutils.FinHelperFunctions.uniformToDefaultType
premarital,financepy.finutils.FinHelperFunctions.uniformToDefaultType
govern,financepy.finutils.FinHelperFunctions.uniformToDefaultType
pas,financepy.finutils.FinHelperFunctions.uniformToDefaultType
ucc,financepy.finutils.FinHelperFunctions.uniformToDefaultType
ugma,financepy.finutils.FinHelperFunctions.uniformToDefaultType
accrue,financepy.finutils.FinHelperFunctions.accruedTree,financepy.finutils.FinMath.accruedInterpolator
accrues,financepy.finutils.FinHelperFunctions.accruedTree,financepy.finutils.FinMath.accruedInterpolator
deferred,financepy.finutils.FinHelperFunctions.accruedTree,financepy.finutils.FinMath.accruedInterpolator
accrual,financepy.finutils.FinHelperFunctions.accruedTree,financepy.finutils.FinMath.accruedInterpolator
defer,financepy.finutils.FinHelperFunctions.accruedTree,financepy.finutils.FinMath.accruedInterpolator
notion,financepy.finutils.FinHelperFunctions.checkArgumentTypes
favor,financepy.finutils.FinHelperFunctions.checkArgumentTypes
argue,financepy.finutils.FinHelperFunctions.checkArgumentTypes
ignore,financepy.finutils.FinHelperFunctions.checkArgumentTypes
proponent,financepy.finutils.FinHelperFunctions.checkArgumentTypes
mean,financepy.finutils.FinStatistics.mean
actually,financepy.finutils.FinStatistics.mean
however,financepy.finutils.FinStatistics.mean
therefore,financepy.finutils.FinStatistics.mean
stdev,financepy.finutils.FinStatistics.stdev
stderr,financepy.finutils.FinStatistics.stderr
var,financepy.finutils.FinStatistics.var
cvar,financepy.finutils.FinStatistics.var
setsvar,financepy.finutils.FinStatistics.var
root,financepy.finutils.FinStatistics.var
deviation,financepy.finutils.FinStatistics.var,financepy.finutils.FinStatistics.correlation
moment,financepy.finutils.FinStatistics.moment
minsky,financepy.finutils.FinStatistics.moment
watershed,financepy.finutils.FinStatistics.moment
sour,financepy.finutils.FinStatistics.moment
reply,financepy.finutils.FinStatistics.moment
grab,financepy.finutils.FinStatistics.moment
correlation,financepy.finutils.FinStatistics.correlation
covariance,financepy.finutils.FinStatistics.correlation
movement,financepy.finutils.FinStatistics.correlation,financepy.market.volatility.FinEquityVolCurve.volatility
interpolator,financepy.finutils.FinMath.accruedInterpolator,financepy.market.curves.FinInterpolator
scale,financepy.finutils.FinMath.scale
diseconomies,financepy.finutils.FinMath.scale
productivity,financepy.finutils.FinMath.scale
efficiency,financepy.finutils.FinMath.scale
diseconomy,financepy.finutils.FinMath.scale
monocity,financepy.finutils.FinMath.testMonocity
maximum,financepy.finutils.FinMath.maximum
limit,financepy.finutils.FinMath.maximum
threshold,financepy.finutils.FinMath.maximum
maxaxis,financepy.finutils.FinMath.maxaxis
minaxis,financepy.finutils.FinMath.minaxis
covar,financepy.finutils.FinMath.covar
pair,financepy.finutils.FinMath.pairGCD
spot,financepy.finutils.FinMath.pairGCD
spread,financepy.finutils.FinMath.pairGCD
usd,financepy.finutils.FinMath.pairGCD
eur,financepy.finutils.FinMath.pairGCD
jpy,financepy.finutils.FinMath.pairGCD
gcd,financepy.finutils.FinMath.pairGCD
nprime,financepy.finutils.FinMath.nprime
heaviside,financepy.finutils.FinMath.heaviside
normpdf,financepy.finutils.FinMath.normpdf
normcdf,financepy.finutils.FinMath.normcdf_fast,financepy.finutils.FinMath.normcdf_integrate,financepy.finutils.FinMath.normcdf_slow,financepy.finutils.FinMath.normcdf
fast,financepy.finutils.FinMath.normcdf_fast
cheap,financepy.finutils.FinMath.normcdf_fast
fashion,financepy.finutils.FinMath.normcdf_fast
slow,financepy.finutils.FinMath.normcdf_fast,financepy.finutils.FinMath.normcdf_slow
rapidly,financepy.finutils.FinMath.normcdf_fast
integrate,financepy.finutils.FinMath.normcdf_integrate
technology,financepy.finutils.FinMath.normcdf_integrate
optimize,financepy.finutils.FinMath.normcdf_integrate
vertically,financepy.finutils.FinMath.normcdf_integrate
enable,financepy.finutils.FinMath.normcdf_integrate
pace,financepy.finutils.FinMath.normcdf_slow
faster,financepy.finutils.FinMath.normcdf_slow
rapid,financepy.finutils.FinMath.normcdf_slow
growth,financepy.finutils.FinMath.normcdf_slow
steadily,financepy.finutils.FinMath.normcdf_slow
n,financepy.finutils.FinMath.N,financepy.market.curves.FinDiscountCurveNS,financepy.market.curves.FinDiscountCurveNSS
phi3,financepy.finutils.FinMath.phi3
norminvcdf,financepy.finutils.FinMath.norminvcdf
m,financepy.finutils.FinMath.M
learnvest,financepy.finutils.FinMath.M
mbos,financepy.finutils.FinMath.M
retrocession,financepy.finutils.FinMath.M
refocus,financepy.finutils.FinMath.M
générale,financepy.finutils.FinMath.M
phi2,financepy.finutils.FinMath.phi2
cholesky,financepy.finutils.FinMath.cholesky
generator,financepy.finutils.FinMath.corrMatrixGenerator
ultimatum,financepy.finutils.FinMath.corrMatrixGenerator
qdii,financepy.finutils.FinMath.corrMatrixGenerator
foregone,financepy.finutils.FinMath.corrMatrixGenerator
gamr,financepy.finutils.FinMath.corrMatrixGenerator
discount,financepy.market.curves.FinDiscountCurve,financepy.market.curves.FinDiscountCurveFlat,financepy.market.curves.FinDiscountCurveNS,financepy.market.curves.FinDiscountCurveNSS,financepy.market.curves.FinDiscountCurvePoly,financepy.market.curves.FinDiscountCurvePWF,financepy.market.curves.FinDiscountCurvePWL,financepy.market.curves.FinDiscountCurveZeros
par,financepy.market.curves.FinDiscountCurve,financepy.market.curves.FinDiscountCurveFlat,financepy.market.curves.FinDiscountCurveNS,financepy.market.curves.FinDiscountCurveNSS,financepy.market.curves.FinDiscountCurvePoly,financepy.market.curves.FinDiscountCurvePWF,financepy.market.curves.FinDiscountCurvePWL,financepy.market.curves.FinDiscountCurveZeros
coupon,financepy.market.curves.FinDiscountCurve,financepy.market.curves.FinDiscountCurve.zeroRate,financepy.market.curves.FinDiscountCurveFlat,financepy.market.curves.FinDiscountCurveNS,financepy.market.curves.FinDiscountCurveNS.zeroRate,financepy.market.curves.FinDiscountCurveNSS,financepy.market.curves.FinDiscountCurveNSS.zeroRate,financepy.market.curves.FinDiscountCurvePoly,financepy.market.curves.FinDiscountCurvePoly.zeroRate,financepy.market.curves.FinDiscountCurvePWF,financepy.market.curves.FinDiscountCurvePWL,financepy.market.curves.FinDiscountCurveZeros
purchase,financepy.market.curves.FinDiscountCurve,financepy.market.curves.FinDiscountCurveFlat,financepy.market.curves.FinDiscountCurveNS,financepy.market.curves.FinDiscountCurveNSS,financepy.market.curves.FinDiscountCurvePoly,financepy.market.curves.FinDiscountCurvePWF,financepy.market.curves.FinDiscountCurvePWL,financepy.market.curves.FinDiscountCurveZeros
rate,financepy.market.curves.FinDiscountCurve,financepy.market.curves.FinDiscountCurve.zeroRate,financepy.market.curves.FinDiscountCurve.swapRate,financepy.market.curves.FinDiscountCurve.fwdRate,financepy.market.curves.FinDiscountCurveFlat,financepy.market.curves.FinDiscountCurveNS,financepy.market.curves.FinDiscountCurveNS.zeroRate,financepy.market.curves.FinDiscountCurveNSS,financepy.market.curves.FinDiscountCurveNSS.zeroRate,financepy.market.curves.FinDiscountCurvePoly,financepy.market.curves.FinDiscountCurvePoly.zeroRate,financepy.market.curves.FinDiscountCurvePWF,financepy.market.curves.FinDiscountCurvePWL,financepy.market.curves.FinDiscountCurveZeros
curve,financepy.market.curves.FinDiscountCurve,financepy.market.curves.FinDiscountCurveFlat,financepy.market.curves.FinDiscountCurveNS,financepy.market.curves.FinDiscountCurveNSS,financepy.market.curves.FinDiscountCurvePoly,financepy.market.curves.FinDiscountCurvePWF,financepy.market.curves.FinDiscountCurvePWL,financepy.market.curves.FinDiscountCurveZeros,financepy.market.volatility.FinEquityVolCurve,financepy.market.volatility.FinFXVolSurface.plotVolCurves,financepy.market.volatility.FinlborCapVolCurve,financepy.market.volatility.FinlborCapVolCurveFn
shape,financepy.market.curves.FinDiscountCurve,financepy.market.curves.FinDiscountCurveFlat,financepy.market.curves.FinDiscountCurveNS,financepy.market.curves.FinDiscountCurveNSS,financepy.market.curves.FinDiscountCurvePoly,financepy.market.curves.FinDiscountCurvePWF,financepy.market.curves.FinDiscountCurvePWL,financepy.market.curves.FinDiscountCurveZeros,financepy.market.volatility.FinEquityVolCurve,financepy.market.volatility.FinFXVolSurface.plotVolCurves,financepy.market.volatility.FinlborCapVolCurve,financepy.market.volatility.FinlborCapVolCurveFn
slop,financepy.market.curves.FinDiscountCurve,financepy.market.curves.FinDiscountCurveFlat,financepy.market.curves.FinDiscountCurveNS,financepy.market.curves.FinDiscountCurveNSS,financepy.market.curves.FinDiscountCurvePoly,financepy.market.curves.FinDiscountCurvePWF,financepy.market.curves.FinDiscountCurvePWL,financepy.market.curves.FinDiscountCurveZeros,financepy.market.volatility.FinEquityVolCurve,financepy.market.volatility.FinFXVolSurface.plotVolCurves,financepy.market.volatility.FinlborCapVolCurve,financepy.market.volatility.FinlborCapVolCurveFn
graph,financepy.market.curves.FinDiscountCurve,financepy.market.curves.FinDiscountCurveFlat,financepy.market.curves.FinDiscountCurveNS,financepy.market.curves.FinDiscountCurveNSS,financepy.market.curves.FinDiscountCurvePoly,financepy.market.curves.FinDiscountCurvePWF,financepy.market.curves.FinDiscountCurvePWL,financepy.market.curves.FinDiscountCurveZeros,financepy.market.volatility.FinEquityVolCurve,financepy.market.volatility.FinFXVolSurface.plotVolCurves,financepy.market.volatility.FinlborCapVolCurve,financepy.market.volatility.FinlborCapVolCurveFn
slope,financepy.market.curves.FinDiscountCurve,financepy.market.curves.FinDiscountCurveFlat,financepy.market.curves.FinDiscountCurveNS,financepy.market.curves.FinDiscountCurveNSS,financepy.market.curves.FinDiscountCurvePoly,financepy.market.curves.FinDiscountCurvePWF,financepy.market.curves.FinDiscountCurvePWL,financepy.market.curves.FinDiscountCurveZeros,financepy.market.volatility.FinEquityVolCurve,financepy.market.volatility.FinFXVolSurface.plotVolCurves,financepy.market.volatility.FinlborCapVolCurve,financepy.market.volatility.FinlborCapVolCurveFn
invert,financepy.market.curves.FinDiscountCurve,financepy.market.curves.FinDiscountCurveFlat,financepy.market.curves.FinDiscountCurveNS,financepy.market.curves.FinDiscountCurveNSS,financepy.market.curves.FinDiscountCurvePoly,financepy.market.curves.FinDiscountCurvePWF,financepy.market.curves.FinDiscountCurvePWL,financepy.market.curves.FinDiscountCurveZeros,financepy.market.volatility.FinEquityVolCurve,financepy.market.volatility.FinFXVolSurface.plotVolCurves,financepy.market.volatility.FinlborCapVolCurve,financepy.market.volatility.FinlborCapVolCurveFn
interest,financepy.market.curves.FinDiscountCurve.zeroRate,financepy.market.curves.FinDiscountCurve.swapRate,financepy.market.curves.FinDiscountCurve.fwdRate,financepy.market.curves.FinDiscountCurveNS.zeroRate,financepy.market.curves.FinDiscountCurveNSS.zeroRate,financepy.market.curves.FinDiscountCurvePoly.zeroRate
low,financepy.market.curves.FinDiscountCurve.zeroRate,financepy.market.curves.FinDiscountCurve.swapRate,financepy.market.curves.FinDiscountCurve.fwdRate,financepy.market.curves.FinDiscountCurveNS.zeroRate,financepy.market.curves.FinDiscountCurveNSS.zeroRate,financepy.market.curves.FinDiscountCurvePoly.zeroRate
inflation,financepy.market.curves.FinDiscountCurve.zeroRate,financepy.market.curves.FinDiscountCurve.swapRate,financepy.market.curves.FinDiscountCurve.fwdRate,financepy.market.curves.FinDiscountCurveNS.zeroRate,financepy.market.curves.FinDiscountCurveNSS.zeroRate,financepy.market.curves.FinDiscountCurvePoly.zeroRate
zero,financepy.market.curves.FinDiscountCurve.zeroRate,financepy.market.curves.FinDiscountCurveNS.zeroRate,financepy.market.curves.FinDiscountCurveNSS.zeroRate,financepy.market.curves.FinDiscountCurvePoly.zeroRate,financepy.market.curves.FinDiscountCurveZeros
higher,financepy.market.curves.FinDiscountCurve.zeroRate,financepy.market.curves.FinDiscountCurveNS.zeroRate,financepy.market.curves.FinDiscountCurveNSS.zeroRate,financepy.market.curves.FinDiscountCurvePoly.zeroRate
negative,financepy.market.curves.FinDiscountCurve.zeroRate,financepy.market.curves.FinDiscountCurveNS.zeroRate,financepy.market.curves.FinDiscountCurveNSS.zeroRate,financepy.market.curves.FinDiscountCurvePoly.zeroRate
swap,financepy.market.curves.FinDiscountCurve.swapRate
derivative,financepy.market.curves.FinDiscountCurve.swapRate
float,financepy.market.curves.FinDiscountCurve.swapRate
quanto,financepy.market.curves.FinDiscountCurve.swapRate
notional,financepy.market.curves.FinDiscountCurve.swapRate
counterparties,financepy.market.curves.FinDiscountCurve.swapRate
df,financepy.market.curves.FinDiscountCurve.df,financepy.market.curves.FinDiscountCurveFlat.df,financepy.market.curves.FinDiscountCurveNS.df,financepy.market.curves.FinDiscountCurveRate.df,financepy.market.curves.FinDiscountCurvePoly.df,financepy.market.curves.FinDiscountCurvePWF.df,financepy.market.curves.FinDiscountCurvePWL.df
prob,financepy.market.curves.FinDiscountCurve.survProb
surv,financepy.market.curves.FinDiscountCurve.survProb
fwd,financepy.market.curves.FinDiscountCurve.fwd,financepy.market.curves.FinDiscountCurve.fwdRate
bump,financepy.market.curves.FinDiscountCurve.bump,financepy.market.curves.FinDiscountCurveFlat.bump
devastate,financepy.market.curves.FinDiscountCurve.bump,financepy.market.curves.FinDiscountCurveFlat.bump
snag,financepy.market.curves.FinDiscountCurve.bump,financepy.market.curves.FinDiscountCurveFlat.bump
unusually,financepy.market.curves.FinDiscountCurve.bump,financepy.market.curves.FinDiscountCurveFlat.bump
shoot,financepy.market.curves.FinDiscountCurve.bump,financepy.market.curves.FinDiscountCurveFlat.bump
ester,financepy.market.curves.FinDiscountCurve.bump,financepy.market.curves.FinDiscountCurveFlat.bump
flat,financepy.market.curves.FinDiscountCurveFlat
hourly,financepy.market.curves.FinDiscountCurveFlat
slightly,financepy.market.curves.FinDiscountCurveFlat
charge,financepy.market.curves.FinDiscountCurveFlat
fee,financepy.market.curves.FinDiscountCurveFlat
mea,financepy.market.curves.FinDiscountCurveFlat
poly,financepy.market.curves.FinDiscountCurvePoly
pwf,financepy.market.curves.FinDiscountCurvePWF
pwl,financepy.market.curves.FinDiscountCurvePWL
attract,financepy.market.curves.FinDiscountCurveZeros
irritate,financepy.market.curves.FinDiscountCurveZeros
taxman,financepy.market.curves.FinDiscountCurveZeros
fist,financepy.market.curves.FinDiscountCurveZeros
fizzle,financepy.market.curves.FinDiscountCurveZeros
fit,financepy.market.curves.FinInterpolator.fit,financepy.market.volatility.FinFXVolSurface.deltaFit
goodness,financepy.market.curves.FinInterpolator.fit,financepy.market.volatility.FinFXVolSurface.deltaFit
best,financepy.market.curves.FinInterpolator.fit,financepy.market.volatility.FinFXVolSurface.deltaFit
goal,financepy.market.curves.FinInterpolator.fit,financepy.market.volatility.FinFXVolSurface.deltaFit
choice,financepy.market.curves.FinInterpolator.fit,financepy.market.volatility.FinFXVolSurface.deltaFit
interpolate,financepy.market.curves.FinInterpolator.interpolate
hump,financepy.market.curves.FinInterpolator.interpolate
alexander,financepy.market.curves.FinInterpolator.interpolate
flatten,financepy.market.curves.FinInterpolator.interpolate
steepen,financepy.market.curves.FinInterpolator.interpolate
equity,financepy.market.volatility.FinEquityVolCurve
capital,financepy.market.volatility.FinEquityVolCurve
stock,financepy.market.volatility.FinEquityVolCurve
common,financepy.market.volatility.FinEquityVolCurve
investment,financepy.market.volatility.FinEquityVolCurve
prefer,financepy.market.volatility.FinEquityVolCurve
vol,financepy.market.volatility.FinEquityVolCurve,financepy.market.volatility.FinFXVolSurface,financepy.market.volatility.FinFXVolSurface.volFunction,financepy.market.volatility.FinFXVolSurface.buildVolSurface,financepy.market.volatility.FinFXVolSurface.plotVolCurves,financepy.market.volatility.FinlborCapVolCurve,financepy.market.volatility.FinlborCapVolCurve.capletVol,financepy.market.volatility.FinlborCapVolCurve.capVol,financepy.market.volatility.FinlborCapVolCurveFn,financepy.market.volatility.FinlborCapVolCurveFn.capFloorletVol
rwhere,financepy.market.volatility.FinEquityVolCurve,financepy.market.volatility.FinFXVolSurface,financepy.market.volatility.FinFXVolSurface.volFunction,financepy.market.volatility.FinFXVolSurface.buildVolSurface,financepy.market.volatility.FinFXVolSurface.plotVolCurves,financepy.market.volatility.FinlborCapVolCurve,financepy.market.volatility.FinlborCapVolCurve.capletVol,financepy.market.volatility.FinlborCapVolCurve.capVol,financepy.market.volatility.FinlborCapVolCurveFn,financepy.market.volatility.FinlborCapVolCurveFn.capFloorletVol
tragic,financepy.market.volatility.FinEquityVolCurve,financepy.market.volatility.FinFXVolSurface,financepy.market.volatility.FinFXVolSurface.volFunction,financepy.market.volatility.FinFXVolSurface.buildVolSurface,financepy.market.volatility.FinFXVolSurface.plotVolCurves,financepy.market.volatility.FinlborCapVolCurve,financepy.market.volatility.FinlborCapVolCurve.capletVol,financepy.market.volatility.FinlborCapVolCurve.capVol,financepy.market.volatility.FinlborCapVolCurveFn,financepy.market.volatility.FinlborCapVolCurveFn.capFloorletVol
tpa,financepy.market.volatility.FinEquityVolCurve,financepy.market.volatility.FinFXVolSurface,financepy.market.volatility.FinFXVolSurface.volFunction,financepy.market.volatility.FinFXVolSurface.buildVolSurface,financepy.market.volatility.FinFXVolSurface.plotVolCurves,financepy.market.volatility.FinlborCapVolCurve,financepy.market.volatility.FinlborCapVolCurve.capletVol,financepy.market.volatility.FinlborCapVolCurve.capVol,financepy.market.volatility.FinlborCapVolCurveFn,financepy.market.volatility.FinlborCapVolCurveFn.capFloorletVol
album,financepy.market.volatility.FinEquityVolCurve,financepy.market.volatility.FinFXVolSurface,financepy.market.volatility.FinFXVolSurface.volFunction,financepy.market.volatility.FinFXVolSurface.buildVolSurface,financepy.market.volatility.FinFXVolSurface.plotVolCurves,financepy.market.volatility.FinlborCapVolCurve,financepy.market.volatility.FinlborCapVolCurve.capletVol,financepy.market.volatility.FinlborCapVolCurve.capVol,financepy.market.volatility.FinlborCapVolCurveFn,financepy.market.volatility.FinlborCapVolCurveFn.capFloorletVol
dole,financepy.market.volatility.FinEquityVolCurve,financepy.market.volatility.FinFXVolSurface,financepy.market.volatility.FinFXVolSurface.volFunction,financepy.market.volatility.FinFXVolSurface.buildVolSurface,financepy.market.volatility.FinFXVolSurface.plotVolCurves,financepy.market.volatility.FinlborCapVolCurve,financepy.market.volatility.FinlborCapVolCurve.capletVol,financepy.market.volatility.FinlborCapVolCurve.capVol,financepy.market.volatility.FinlborCapVolCurveFn,financepy.market.volatility.FinlborCapVolCurveFn.capFloorletVol
volatility,financepy.market.volatility.FinEquityVolCurve.volatility
volatile,financepy.market.volatility.FinEquityVolCurve.volatility
underlie,financepy.market.volatility.FinEquityVolCurve.volatility,financepy.market.volatility.FinFXVolSurface.solveForSmileStrike
market,financepy.market.volatility.FinEquityVolCurve.volatility
fluctuation,financepy.market.volatility.FinEquityVolCurve.volatility
pdf,financepy.market.volatility.FinEquityVolCurve.calculatePDF
imy,financepy.market.volatility.FinEquityVolCurve.calculatePDF
abridge,financepy.market.volatility.FinEquityVolCurve.calculatePDF
requester,financepy.market.volatility.FinEquityVolCurve.calculatePDF
purest,financepy.market.volatility.FinEquityVolCurve.calculatePDF
debunk,financepy.market.volatility.FinEquityVolCurve.calculatePDF
surface,financepy.market.volatility.FinFXVolSurface,financepy.market.volatility.FinFXVolSurface.buildVolSurface
bit,financepy.market.volatility.FinFXVolSurface,financepy.market.volatility.FinFXVolSurface.buildVolSurface
earth,financepy.market.volatility.FinFXVolSurface,financepy.market.volatility.FinFXVolSurface.buildVolSurface
unreliable,financepy.market.volatility.FinFXVolSurface,financepy.market.volatility.FinFXVolSurface.buildVolSurface
prone,financepy.market.volatility.FinFXVolSurface,financepy.market.volatility.FinFXVolSurface.buildVolSurface
beneath,financepy.market.volatility.FinFXVolSurface,financepy.market.volatility.FinFXVolSurface.buildVolSurface
fx,financepy.market.volatility.FinFXVolSurface
build,financepy.market.volatility.FinFXVolSurface.buildVolSurface
building,financepy.market.volatility.FinFXVolSurface.buildVolSurface
design,financepy.market.volatility.FinFXVolSurface.buildVolSurface
help,financepy.market.volatility.FinFXVolSurface.buildVolSurface
new,financepy.market.volatility.FinFXVolSurface.buildVolSurface
for,financepy.market.volatility.FinFXVolSurface.solveForSmileStrike
smile,financepy.market.volatility.FinFXVolSurface.solveForSmileStrike
theta,financepy.market.volatility.FinFXVolSurface.solveForSmileStrike,financepy.market.volatility.FinFXVolSurface.deltaFit
rho,financepy.market.volatility.FinFXVolSurface.solveForSmileStrike
imply,financepy.market.volatility.FinFXVolSurface.solveForSmileStrike
conventionally,financepy.market.volatility.FinFXVolSurface.solveForSmileStrike
heston,financepy.market.volatility.FinFXVolSurface.solveForSmileStrike
strike,financepy.market.volatility.FinFXVolSurface.solveForSmileStrike
expiry,financepy.market.volatility.FinFXVolSurface.solveForSmileStrike
exercise,financepy.market.volatility.FinFXVolSurface.solveForSmileStrike
solve,financepy.market.volatility.FinFXVolSurface.solveForSmileStrike
problem,financepy.market.volatility.FinFXVolSurface.solveForSmileStrike
math,financepy.market.volatility.FinFXVolSurface.solveForSmileStrike
solution,financepy.market.volatility.FinFXVolSurface.solveForSmileStrike
mathematical,financepy.market.volatility.FinFXVolSurface.solveForSmileStrike
hash,financepy.market.volatility.FinFXVolSurface.solveForSmileStrike
calibration,financepy.market.volatility.FinFXVolSurface.checkCalibration
plot,financepy.market.volatility.FinFXVolSurface.plotVolCurves
axis,financepy.market.volatility.FinFXVolSurface.plotVolCurves
depict,financepy.market.volatility.FinFXVolSurface.plotVolCurves
chart,financepy.market.volatility.FinFXVolSurface.plotVolCurves
obj,financepy.market.volatility.FinFXVolSurface.obj
delta,financepy.market.volatility.FinFXVolSurface.deltaFit
gamma,financepy.market.volatility.FinFXVolSurface.deltaFit
skymiles,financepy.market.volatility.FinFXVolSurface.deltaFit
neutral,financepy.market.volatility.FinFXVolSurface.deltaFit
p_y,financepy.market.volatility.FinFXVolSurface.deltaFit
cap,financepy.market.volatility.FinlborCapVolCurve,financepy.market.volatility.FinlborCapVolCurve.capVol,financepy.market.volatility.FinlborCapVolCurveFn,financepy.market.volatility.FinlborCapVolCurveFn.capFloorletVol
mid,financepy.market.volatility.FinlborCapVolCurve,financepy.market.volatility.FinlborCapVolCurve.capVol,financepy.market.volatility.FinlborCapVolCurveFn,financepy.market.volatility.FinlborCapVolCurveFn.capFloorletVol
size,financepy.market.volatility.FinlborCapVolCurve,financepy.market.volatility.FinlborCapVolCurve.capVol,financepy.market.volatility.FinlborCapVolCurveFn,financepy.market.volatility.FinlborCapVolCurveFn.capFloorletVol
small,financepy.market.volatility.FinlborCapVolCurve,financepy.market.volatility.FinlborCapVolCurve.capVol,financepy.market.volatility.FinlborCapVolCurveFn,financepy.market.volatility.FinlborCapVolCurveFn.capFloorletVol
finlbor,financepy.market.volatility.FinlborCapVolCurve,financepy.market.volatility.FinlborCapVolCurveFn
caplet,financepy.market.volatility.FinlborCapVolCurve.generateCapletVols,financepy.market.volatility.FinlborCapVolCurve.capletVol
vols,financepy.market.volatility.FinlborCapVolCurve.generateCapletVols
generate,financepy.market.volatility.FinlborCapVolCurve.generateCapletVols
profit,financepy.market.volatility.FinlborCapVolCurve.generateCapletVols
flow,financepy.market.volatility.FinlborCapVolCurve.generateCapletVols
thus,financepy.market.volatility.FinlborCapVolCurve.generateCapletVols
rather,financepy.market.volatility.FinlborCapVolCurve.generateCapletVols
return,financepy.market.volatility.FinlborCapVolCurve.generateCapletVols
fn,financepy.market.volatility.FinlborCapVolCurveFn
floorlet,financepy.market.volatility.FinlborCapVolCurveFn.capFloorletVol
