amount,financepy.finutils.FinAmount,financepy.finutils.FinAmount.amount
calender,financepy.finutils.FinCalender
adjust,financepy.finutils.FinCalender.adjust
business,financepy.finutils.FinCalender.addBusinessDays,financepy.finutils.FinCalender.isBusinessDay
day,financepy.finutils.FinCalender.addBusinessDays,financepy.finutils.FinCalender.isBusinessDay,financepy.finutils.FinDate.addDays,financepy.finutils.FinDate.addWeekDays,financepy.finutils.FinDate.weekDay,financepy.finutils.FinDate.dailyWorkingDaySchedule,financepy.finutils.FinDate.daysInMonth,financepy.finutils.FinDayCount,financepy.finutils.FinDayCountisLastDayOfFeb
add,financepy.finutils.FinCalender.addBusinessDays,financepy.finutils.FinDate.addDays,financepy.finutils.FinDate.addWeekDays,financepy.finutils.FinDate.addMonths,financepy.finutils.FinDate.addYears,financepy.finutils.FinDate.addTenor
be,financepy.finutils.FinCalender.isBusinessDay,financepy.finutils.FinDate.isWeekend,financepy.finutils.FinDate.isLeapYear,financepy.finutils.FinMath.isLeapYear
holiday,financepy.finutils.FinCalender.getHolidayList
list,financepy.finutils.FinCalender.getHolidayList,financepy.finutils.FinDate.calculateList
get,financepy.finutils.FinCalender.getHolidayList
monday,financepy.finutils.FinCalender.easterMonday
easter,financepy.finutils.FinCalender.easterMonday
date,financepy.finutils.FinDate,financepy.finutils.FinDate.nextCDSDate,"financepy.finutils.FinDate,nextMMDate",financepy.finutils.FinDate.setDateFormatType,financepy.finutils.FinDate.dateIndex,financepy.finutils.FinDate.dateFromIndex,financepy.finutils.FinDate.dateRange,financepy.finutils.FinHelperFunctions.timesFromDates,financepy.finutils.FinHelperFunctions.checkDate,financepy.finutils.FinSchedule.scheduleDates
weekend,financepy.finutils.FinDate.isWeekend
week,financepy.finutils.FinDate.addWeekDays,financepy.finutils.FinDate.weekDay
month,financepy.finutils.FinDate.addMonths,financepy.finutils.FinDate.thirdWednesdayOfMonth,financepy.finutils.FinDate.daysInMonth
year,financepy.finutils.FinDate.addYears,financepy.finutils.FinDate.isLeapYear,financepy.finutils.FinDayCount.yearFrac,financepy.finutils.FinMath.isLeapYear
next,financepy.finutils.FinDate.nextCDSDate
cd,financepy.finutils.FinDate.nextCDSDate
wednesday,financepy.finutils.FinDate.thirdWednesdayOfMonth
of,financepy.finutils.FinDate.thirdWednesdayOfMonth,financepy.finutils.FinDayCountisLastDayOfFeb
third,financepy.finutils.FinDate.thirdWednesdayOfMonth
"date,next","financepy.finutils.FinDate,nextMMDate"
mm,"financepy.finutils.FinDate,nextMMDate"
tenor,financepy.finutils.FinDate.addTenor
datetime,financepy.finutils.FinDate.datetime,financepy.finutils.FinDate.fromDatetime
str,financepy.finutils.FinDate.str
format,financepy.finutils.FinDate.setDateFormatType
type,financepy.finutils.FinDate.setDateFormatType,financepy.finutils.FinDate.testType,financepy.finutils.FinHelperFunctions.toUsableType,financepy.finutils.FinHelperFunctions.uniformToDefaultType,financepy.finutils.FinHelperFunctions.checkArgumentTypes
set,financepy.finutils.FinDate.setDateFormatType
leap,financepy.finutils.FinDate.isLeapYear,financepy.finutils.FinMath.isLeapYear
calculate,financepy.finutils.FinDate.calculateList,financepy.market.volatility.FinEquityVolCurve.calculatePDF
index,financepy.finutils.FinDate.dateIndex,financepy.finutils.FinDate.dateFromIndex
from,financepy.finutils.FinDate.dateFromIndex,financepy.finutils.FinDate.fromDatetime,financepy.finutils.FinHelperFunctions.timesFromDates
work,financepy.finutils.FinDate.dailyWorkingDaySchedule
schedule,financepy.finutils.FinDate.dailyWorkingDaySchedule,financepy.finutils.FinSchedule,financepy.finutils.FinSchedule.scheduleDates
daily,financepy.finutils.FinDate.dailyWorkingDaySchedule
datediff,financepy.finutils.FinDate.datediff
in,financepy.finutils.FinDate.daysInMonth
range,financepy.finutils.FinDate.dateRange,financepy.finutils.FinMath.testRange
test,financepy.finutils.FinDate.testType,financepy.finutils.FinMath.testMonocity,financepy.finutils.FinMath.testRange
count,financepy.finutils.FinDayCount
frac,financepy.finutils.FinDayCount.yearFrac
countis,financepy.finutils.FinDayCountisLastDayOfFeb
last,financepy.finutils.FinDayCountisLastDayOfFeb
feb,financepy.finutils.FinDayCountisLastDayOfFeb
error,financepy.finutils.FinError,financepy.finutils.FinError.suppressErrors
func,financepy.finutils.FinError.func_name
name,financepy.finutils.FinError.func_name
suppress,financepy.finutils.FinError.suppressErrors
frequency,financepy.finutils.FinFrequency
helper,financepy.finutils.FinHelperFunctions
function,financepy.finutils.FinHelperFunctions,financepy.market.volatility.FinFXVolSurface.volFunction
vector,financepy.finutils.FinHelperFunctions.betaVectorToCorrMatrix,financepy.finutils.FinHelperFunctions.checkVectorDifferences
to,financepy.finutils.FinHelperFunctions.betaVectorToCorrMatrix,financepy.finutils.FinHelperFunctions.labelToString,financepy.finutils.FinHelperFunctions.tableToString,financepy.finutils.FinHelperFunctions.toUsableType,financepy.finutils.FinHelperFunctions.uniformToDefaultType
corr,financepy.finutils.FinHelperFunctions.betaVectorToCorrMatrix,financepy.finutils.FinMath.corrMatrixGenerator
matrix,financepy.finutils.FinHelperFunctions.betaVectorToCorrMatrix,financepy.finutils.FinMath.corrMatrixGenerator
beta,financepy.finutils.FinHelperFunctions.betaVectorToCorrMatrix
time,financepy.finutils.FinHelperFunctions.pv01Times,financepy.finutils.FinHelperFunctions.timesFromDates,financepy.finutils.FinHelperFunctions.inputTime
pv01,financepy.finutils.FinHelperFunctions.pv01Times
difference,financepy.finutils.FinHelperFunctions.checkVectorDifferences
check,financepy.finutils.FinHelperFunctions.checkVectorDifferences,financepy.finutils.FinHelperFunctions.checkDate,financepy.finutils.FinHelperFunctions.checkArgumentTypes,financepy.market.volatility.FinFXVolSurface.checkCalibration
dump,financepy.finutils.FinHelperFunctions.dump
tree,financepy.finutils.FinHelperFunctions.printTree,financepy.finutils.FinHelperFunctions.accruedTree
print,financepy.finutils.FinHelperFunctions.printTree
input,financepy.finutils.FinHelperFunctions.inputTime
listdiff,financepy.finutils.FinHelperFunctions.listdiff
dotproduct,financepy.finutils.FinHelperFunctions.dotproduct
frange,financepy.finutils.FinHelperFunctions.frange,financepy.finutils.FinMath.frange
weight,financepy.finutils.FinHelperFunctions.normaliseWeights
normalise,financepy.finutils.FinHelperFunctions.normaliseWeights
string,financepy.finutils.FinHelperFunctions.labelToString,financepy.finutils.FinHelperFunctions.tableToString
label,financepy.finutils.FinHelperFunctions.labelToString
table,financepy.finutils.FinHelperFunctions.tableToString
usable,financepy.finutils.FinHelperFunctions.toUsableType
default,financepy.finutils.FinHelperFunctions.uniformToDefaultType
uniform,financepy.finutils.FinHelperFunctions.uniformToDefaultType
accrue,financepy.finutils.FinHelperFunctions.accruedTree,financepy.finutils.FinMath.accruedInterpolator
argument,financepy.finutils.FinHelperFunctions.checkArgumentTypes
mean,financepy.finutils.FinStatistics.mean
stdev,financepy.finutils.FinStatistics.stdev
stderr,financepy.finutils.FinStatistics.stderr
var,financepy.finutils.FinStatistics.var
moment,financepy.finutils.FinStatistics.moment
correlation,financepy.finutils.FinStatistics.correlation
interpolator,financepy.finutils.FinMath.accruedInterpolator,financepy.market.curves.FinInterpolator
scale,financepy.finutils.FinMath.scale
monocity,financepy.finutils.FinMath.testMonocity
maximum,financepy.finutils.FinMath.maximum
maxaxis,financepy.finutils.FinMath.maxaxis
minaxis,financepy.finutils.FinMath.minaxis
covar,financepy.finutils.FinMath.covar
pair,financepy.finutils.FinMath.pairGCD
gcd,financepy.finutils.FinMath.pairGCD
nprime,financepy.finutils.FinMath.nprime
heaviside,financepy.finutils.FinMath.heaviside
normpdf,financepy.finutils.FinMath.normpdf
normcdf,financepy.finutils.FinMath.normcdf_fast,financepy.finutils.FinMath.normcdf_integrate,financepy.finutils.FinMath.normcdf_slow,financepy.finutils.FinMath.normcdf
fast,financepy.finutils.FinMath.normcdf_fast
integrate,financepy.finutils.FinMath.normcdf_integrate
slow,financepy.finutils.FinMath.normcdf_slow
n,financepy.finutils.FinMath.N,financepy.market.curves.FinDiscountCurveNS,financepy.market.curves.FinDiscountCurveNSS
phi3,financepy.finutils.FinMath.phi3
norminvcdf,financepy.finutils.FinMath.norminvcdf
m,financepy.finutils.FinMath.M
phi2,financepy.finutils.FinMath.phi2
cholesky,financepy.finutils.FinMath.cholesky
generator,financepy.finutils.FinMath.corrMatrixGenerator
discount,financepy.market.curves.FinDiscountCurve,financepy.market.curves.FinDiscountCurveFlat,financepy.market.curves.FinDiscountCurveNS,financepy.market.curves.FinDiscountCurveNSS,financepy.market.curves.FinDiscountCurvePoly,financepy.market.curves.FinDiscountCurvePWF,financepy.market.curves.FinDiscountCurvePWL,financepy.market.curves.FinDiscountCurveZeros
curve,financepy.market.curves.FinDiscountCurve,financepy.market.curves.FinDiscountCurveFlat,financepy.market.curves.FinDiscountCurveNS,financepy.market.curves.FinDiscountCurveNSS,financepy.market.curves.FinDiscountCurvePoly,financepy.market.curves.FinDiscountCurvePWF,financepy.market.curves.FinDiscountCurvePWL,financepy.market.curves.FinDiscountCurveZeros,financepy.market.volatility.FinEquityVolCurve,financepy.market.volatility.FinFXVolSurface.plotVolCurves,financepy.market.volatility.FinlborCapVolCurve,financepy.market.volatility.FinlborCapVolCurveFn
rate,financepy.market.curves.FinDiscountCurve.zeroRate,financepy.market.curves.FinDiscountCurve.swapRate,financepy.market.curves.FinDiscountCurve.fwdRate,financepy.market.curves.FinDiscountCurveNS.zeroRate,financepy.market.curves.FinDiscountCurveNSS.zeroRate,financepy.market.curves.FinDiscountCurvePoly.zeroRate
zero,financepy.market.curves.FinDiscountCurve.zeroRate,financepy.market.curves.FinDiscountCurveNS.zeroRate,financepy.market.curves.FinDiscountCurveNSS.zeroRate,financepy.market.curves.FinDiscountCurvePoly.zeroRate,financepy.market.curves.FinDiscountCurveZeros
swap,financepy.market.curves.FinDiscountCurve.swapRate
df,financepy.market.curves.FinDiscountCurve.df,financepy.market.curves.FinDiscountCurveFlat.df,financepy.market.curves.FinDiscountCurveNS.df,financepy.market.curves.FinDiscountCurveRate.df,financepy.market.curves.FinDiscountCurvePoly.df,financepy.market.curves.FinDiscountCurvePWF.df,financepy.market.curves.FinDiscountCurvePWL.df
prob,financepy.market.curves.FinDiscountCurve.survProb
surv,financepy.market.curves.FinDiscountCurve.survProb
fwd,financepy.market.curves.FinDiscountCurve.fwd,financepy.market.curves.FinDiscountCurve.fwdRate
bump,financepy.market.curves.FinDiscountCurve.bump,financepy.market.curves.FinDiscountCurveFlat.bump
flat,financepy.market.curves.FinDiscountCurveFlat
poly,financepy.market.curves.FinDiscountCurvePoly
pwf,financepy.market.curves.FinDiscountCurvePWF
pwl,financepy.market.curves.FinDiscountCurvePWL
fit,financepy.market.curves.FinInterpolator.fit,financepy.market.volatility.FinFXVolSurface.deltaFit
interpolate,financepy.market.curves.FinInterpolator.interpolate
equity,financepy.market.volatility.FinEquityVolCurve
vol,financepy.market.volatility.FinEquityVolCurve,financepy.market.volatility.FinFXVolSurface,financepy.market.volatility.FinFXVolSurface.volFunction,financepy.market.volatility.FinFXVolSurface.buildVolSurface,financepy.market.volatility.FinFXVolSurface.plotVolCurves,financepy.market.volatility.FinlborCapVolCurve,financepy.market.volatility.FinlborCapVolCurve.capletVol,financepy.market.volatility.FinlborCapVolCurve.capVol,financepy.market.volatility.FinlborCapVolCurveFn,financepy.market.volatility.FinlborCapVolCurveFn.capFloorletVol
volatility,financepy.market.volatility.FinEquityVolCurve.volatility
pdf,financepy.market.volatility.FinEquityVolCurve.calculatePDF
surface,financepy.market.volatility.FinFXVolSurface,financepy.market.volatility.FinFXVolSurface.buildVolSurface
fx,financepy.market.volatility.FinFXVolSurface
build,financepy.market.volatility.FinFXVolSurface.buildVolSurface
for,financepy.market.volatility.FinFXVolSurface.solveForSmileStrike
smile,financepy.market.volatility.FinFXVolSurface.solveForSmileStrike
strike,financepy.market.volatility.FinFXVolSurface.solveForSmileStrike
solve,financepy.market.volatility.FinFXVolSurface.solveForSmileStrike
calibration,financepy.market.volatility.FinFXVolSurface.checkCalibration
plot,financepy.market.volatility.FinFXVolSurface.plotVolCurves
obj,financepy.market.volatility.FinFXVolSurface.obj
delta,financepy.market.volatility.FinFXVolSurface.deltaFit
cap,financepy.market.volatility.FinlborCapVolCurve,financepy.market.volatility.FinlborCapVolCurve.capVol,financepy.market.volatility.FinlborCapVolCurveFn,financepy.market.volatility.FinlborCapVolCurveFn.capFloorletVol
finlbor,financepy.market.volatility.FinlborCapVolCurve,financepy.market.volatility.FinlborCapVolCurveFn
caplet,financepy.market.volatility.FinlborCapVolCurve.generateCapletVols,financepy.market.volatility.FinlborCapVolCurve.capletVol
vols,financepy.market.volatility.FinlborCapVolCurve.generateCapletVols
generate,financepy.market.volatility.FinlborCapVolCurve.generateCapletVols
fn,financepy.market.volatility.FinlborCapVolCurveFn
floorlet,financepy.market.volatility.FinlborCapVolCurveFn.capFloorletVol
